Driver,Compound,TyreLife,LapNumber,LapTimeS
ALB,SOFT,2,2,99.821
ALB,SOFT,3,3,98.699
ALB,SOFT,4,4,99.056
ALB,SOFT,5,5,99.257
ALB,SOFT,6,6,99.263
ALB,SOFT,7,7,99.565
ALB,SOFT,8,8,99.918
ALB,SOFT,9,9,99.735
ALB,SOFT,10,10,100.089
ALB,SOFT,11,11,99.843
ALB,SOFT,12,12,99.94
ALB,SOFT,13,13,100.144
ALB,SOFT,14,14,100.326
ALB,SOFT,15,15,100.821
ALB,HARD,2,18,97.209
ALB,HARD,3,19,98.209
ALB,HARD,4,20,97.673
ALB,HARD,5,21,98.047
ALB,HARD,6,22,98.474
ALB,HARD,7,23,97.884
ALB,HARD,8,24,98.023
ALB,HARD,9,25,98.591
ALB,HARD,10,26,98.698
ALB,HARD,11,27,98.707
ALB,HARD,12,28,98.83
ALB,HARD,13,29,98.148
ALB,HARD,14,30,99.164
ALB,HARD,15,31,99.781
ALB,MEDIUM,4,36,99.068
ALB,MEDIUM,5,37,97.615
ALB,MEDIUM,6,38,97.871
ALB,MEDIUM,7,39,98.87
ALB,MEDIUM,8,40,97.631
ALB,MEDIUM,9,41,97.504
ALB,MEDIUM,10,42,97.702
ALB,MEDIUM,11,43,97.667
ALB,MEDIUM,12,44,97.647
ALB,MEDIUM,13,45,97.696
ALB,MEDIUM,14,46,98.333
ALB,MEDIUM,15,47,97.141
ALB,MEDIUM,16,48,97.544
ALB,MEDIUM,17,49,97.627
ALB,MEDIUM,18,50,97.863
ALB,MEDIUM,19,51,97.81
ALB,MEDIUM,20,52,98.581
ALB,MEDIUM,21,53,98.427
ALB,MEDIUM,22,54,98.614
ALB,MEDIUM,23,55,98.816
ALB,MEDIUM,24,56,99.22
ALB,MEDIUM,25,57,99.664
ALO,MEDIUM,2,2,100.514
ALO,MEDIUM,3,3,100.017
ALO,MEDIUM,4,4,99.318
ALO,MEDIUM,5,5,100.555
ALO,MEDIUM,6,6,99.589
ALO,MEDIUM,7,7,99.919
ALO,MEDIUM,8,8,100.195
ALO,MEDIUM,9,9,100.234
ALO,MEDIUM,10,10,100.369
ALO,MEDIUM,11,11,100.011
ALO,MEDIUM,12,12,99.974
ALO,MEDIUM,13,13,99.751
ALO,MEDIUM,14,14,100.631
ALO,MEDIUM,15,15,100.461
ALO,MEDIUM,2,18,98.139
ALO,MEDIUM,3,19,97.955
ALO,MEDIUM,4,20,98.474
ALO,MEDIUM,5,21,99.001
ALO,MEDIUM,6,22,98.549
ALO,MEDIUM,7,23,98.508
ALO,MEDIUM,8,24,98.759
ALO,MEDIUM,9,25,99.199
ALO,MEDIUM,10,26,98.311
ALO,MEDIUM,11,27,98.679
ALO,MEDIUM,12,28,98.897
ALO,MEDIUM,13,29,98.702
ALO,MEDIUM,14,30,98.477
ALO,MEDIUM,15,31,100.181
ALO,HARD,4,36,100.731
ALO,HARD,5,37,98.646
ALO,HARD,6,38,97.906
ALO,HARD,7,39,98.391
ALO,HARD,8,40,98.388
ALO,HARD,9,41,98.53
ALO,HARD,10,42,98.683
ALO,HARD,11,43,98.974
ALO,HARD,12,44,98.268
ALO,HARD,13,45,98.421
ALO,HARD,14,46,98.02
ALO,HARD,15,47,98.118
ALO,HARD,16,48,98.329
ALO,HARD,17,49,98.542
ALO,HARD,18,50,98.116
ALO,HARD,19,51,98.237
ALO,HARD,20,52,98.61
ALO,HARD,21,53,98.601
ALO,HARD,22,54,98.442
ALO,HARD,23,55,98.644
ALO,HARD,24,56,99.318
ALO,HARD,25,57,98.75
ANT,SOFT,4,1,103.363
ANT,SOFT,5,2,98.187
ANT,SOFT,6,3,98.427
ANT,SOFT,7,4,98.564
ANT,SOFT,8,5,98.52
ANT,SOFT,9,6,98.634
ANT,SOFT,10,7,98.905
ANT,SOFT,11,8,99.197
ANT,SOFT,12,9,99.646
ANT,SOFT,13,10,99.467
ANT,SOFT,14,11,99.667
ANT,MEDIUM,2,14,97.732
ANT,MEDIUM,3,15,98.397
ANT,MEDIUM,4,16,99.069
ANT,MEDIUM,5,17,98.942
ANT,MEDIUM,6,18,98.365
ANT,MEDIUM,7,19,98.331
ANT,MEDIUM,8,20,98.895
ANT,MEDIUM,9,21,98.68
ANT,MEDIUM,10,22,98.897
ANT,MEDIUM,11,23,98.744
ANT,MEDIUM,12,24,98.642
ANT,MEDIUM,13,25,99.729
ANT,MEDIUM,14,26,99.193
ANT,SOFT,5,29,96.69
ANT,SOFT,6,30,96.69
ANT,SOFT,7,31,97.531
ANT,SOFT,7,36,99.917
ANT,SOFT,8,37,97.717
ANT,SOFT,9,38,96.985
ANT,SOFT,10,39,97.577
ANT,SOFT,11,40,97.273
ANT,SOFT,12,41,97.584
ANT,SOFT,13,42,97.697
ANT,SOFT,14,43,97.616
ANT,SOFT,15,44,97.916
ANT,SOFT,16,45,97.827
ANT,SOFT,17,46,97.738
ANT,SOFT,18,47,97.687
ANT,SOFT,19,48,97.488
ANT,SOFT,20,49,97.615
ANT,SOFT,21,50,97.74
ANT,SOFT,22,51,98.021
ANT,SOFT,23,52,98.66
ANT,SOFT,24,53,98.416
ANT,SOFT,25,54,98.712
ANT,SOFT,26,55,98.869
ANT,SOFT,27,56,99.065
ANT,SOFT,28,57,99.546
BEA,SOFT,2,2,100.265
BEA,SOFT,3,3,99.586
BEA,SOFT,4,4,99.262
BEA,SOFT,5,5,99.246
BEA,SOFT,6,6,99.303
BEA,SOFT,7,7,99.507
BEA,SOFT,8,8,99.699
BEA,SOFT,9,9,100.284
BEA,SOFT,10,10,99.839
BEA,SOFT,11,11,99.791
BEA,SOFT,12,12,99.85
BEA,SOFT,13,13,100.101
BEA,HARD,2,16,98.402
BEA,HARD,3,17,97.48
BEA,HARD,4,18,98.033
BEA,HARD,5,19,98.516
BEA,HARD,6,20,98.626
BEA,HARD,7,21,98.636
BEA,HARD,8,22,98.566
BEA,HARD,9,23,98.505
BEA,HARD,10,24,98.69
BEA,HARD,11,25,98.967
BEA,HARD,12,26,98.77
BEA,HARD,13,27,99.158
BEA,HARD,14,28,99.019
BEA,HARD,15,29,100.234
BEA,HARD,16,30,99.239
BEA,HARD,17,31,99.338
BEA,SOFT,4,36,98.294
BEA,SOFT,5,37,97.739
BEA,SOFT,6,38,98.308
BEA,SOFT,7,39,97.908
BEA,SOFT,8,40,97.303
BEA,SOFT,9,41,97.708
BEA,SOFT,10,42,97.509
BEA,SOFT,11,43,97.785
BEA,SOFT,12,44,97.853
BEA,SOFT,13,45,97.867
BEA,SOFT,14,46,97.479
BEA,SOFT,15,47,97.572
BEA,SOFT,16,48,97.656
BEA,SOFT,17,49,97.691
BEA,SOFT,18,50,97.675
BEA,SOFT,19,51,98.339
BEA,SOFT,20,52,98.548
BEA,SOFT,21,53,98.422
BEA,SOFT,22,54,98.643
BEA,SOFT,23,55,98.842
BEA,SOFT,24,56,99.009
BEA,SOFT,25,57,99.704
BOR,MEDIUM,2,2,100.45
BOR,MEDIUM,3,3,99.9
BOR,MEDIUM,4,4,100.079
BOR,MEDIUM,5,5,100.726
BOR,MEDIUM,6,6,99.953
BOR,MEDIUM,7,7,99.772
BOR,MEDIUM,8,8,100.131
BOR,MEDIUM,9,9,100.325
BOR,MEDIUM,10,10,100.312
BOR,MEDIUM,11,11,100.248
BOR,MEDIUM,12,12,100.903
BOR,HARD,2,15,99.255
BOR,HARD,3,16,98.456
BOR,HARD,4,17,99.262
BOR,HARD,5,18,99.265
BOR,HARD,6,19,98.953
BOR,HARD,7,20,98.764
BOR,HARD,8,21,99.32
BOR,HARD,9,22,99.167
BOR,HARD,10,23,99.252
BOR,HARD,11,24,99.787
BOR,HARD,12,25,99.358
BOR,HARD,13,26,99.765
BOR,HARD,14,27,100.319
BOR,HARD,15,28,99.87
BOR,HARD,16,29,99.853
BOR,HARD,17,30,99.88
BOR,HARD,18,31,99.929
BOR,MEDIUM,4,36,100.448
BOR,MEDIUM,5,37,98.701
BOR,MEDIUM,6,38,98.006
BOR,MEDIUM,7,39,98.433
BOR,MEDIUM,8,40,98.311
BOR,MEDIUM,9,41,98.758
BOR,MEDIUM,10,42,98.49
BOR,MEDIUM,11,43,98.919
BOR,MEDIUM,12,44,100.209
BOR,MEDIUM,13,45,98.554
BOR,MEDIUM,14,46,98.151
BOR,MEDIUM,15,47,98.47
BOR,MEDIUM,16,48,98.583
BOR,MEDIUM,17,49,98.58
BOR,MEDIUM,18,50,98.592
BOR,MEDIUM,19,51,98.706
BOR,MEDIUM,20,52,98.551
BOR,MEDIUM,21,53,98.973
BOR,MEDIUM,22,54,98.936
BOR,MEDIUM,23,55,99.001
BOR,MEDIUM,24,56,99.381
BOR,MEDIUM,25,57,99.063
DOO,SOFT,2,2,99.172
DOO,SOFT,3,3,98.714
DOO,SOFT,4,4,98.722
DOO,SOFT,5,5,99.295
DOO,SOFT,6,6,99.286
DOO,SOFT,7,7,99.457
DOO,SOFT,8,8,99.813
DOO,MEDIUM,2,11,97.745
DOO,MEDIUM,3,12,98.013
DOO,MEDIUM,4,13,98.425
DOO,MEDIUM,5,14,98.173
DOO,MEDIUM,6,15,98.312
DOO,MEDIUM,7,16,98.702
DOO,MEDIUM,8,17,98.968
DOO,MEDIUM,9,18,98.549
DOO,MEDIUM,10,19,98.298
DOO,MEDIUM,11,20,99.266
DOO,MEDIUM,12,21,98.973
DOO,MEDIUM,13,22,99.897
DOO,MEDIUM,14,23,98.842
DOO,MEDIUM,15,24,99.422
DOO,MEDIUM,16,25,99.323
DOO,MEDIUM,17,26,99.752
DOO,MEDIUM,18,27,99.521
DOO,HARD,2,30,97.587
DOO,HARD,3,31,96.682
DOO,HARD,8,36,98.497
DOO,HARD,9,37,97.578
DOO,HARD,10,38,98.144
DOO,HARD,11,39,97.529
DOO,HARD,12,40,97.493
DOO,HARD,13,41,97.535
DOO,HARD,14,42,97.533
DOO,HARD,15,43,97.776
DOO,HARD,16,44,97.882
DOO,HARD,17,45,99.001
DOO,HARD,18,46,99.544
DOO,HARD,19,47,98.916
DOO,HARD,20,48,98.35
DOO,HARD,21,49,98.193
DOO,HARD,22,50,99.473
DOO,HARD,23,51,98.58
DOO,HARD,24,52,98.395
DOO,HARD,25,53,98.434
DOO,HARD,26,54,98.557
DOO,HARD,27,55,98.557
DOO,HARD,28,56,98.811
DOO,HARD,29,57,99.367
GAS,SOFT,4,1,102.05
GAS,SOFT,5,2,98.064
GAS,SOFT,6,3,98.418
GAS,SOFT,7,4,98.312
GAS,SOFT,8,5,98.616
GAS,SOFT,9,6,98.867
GAS,SOFT,10,7,99.003
GAS,SOFT,11,8,99.431
GAS,SOFT,12,9,100.096
GAS,MEDIUM,2,12,97.388
GAS,MEDIUM,3,13,97.668
GAS,MEDIUM,4,14,99.69
GAS,MEDIUM,5,15,98.045
GAS,MEDIUM,6,16,98.181
GAS,MEDIUM,7,17,98.198
GAS,MEDIUM,8,18,99.151
GAS,MEDIUM,9,19,98.112
GAS,MEDIUM,10,20,98.441
GAS,MEDIUM,11,21,98.193
GAS,MEDIUM,12,22,98.346
GAS,MEDIUM,13,23,98.616
GAS,MEDIUM,14,24,98.44
GAS,MEDIUM,15,25,98.695
GAS,MEDIUM,16,26,98.898
GAS,MEDIUM,17,27,98.752
GAS,HARD,2,30,97.268
GAS,HARD,3,31,97.691
GAS,HARD,8,36,97.431
GAS,HARD,9,37,97.189
GAS,HARD,10,38,96.682
GAS,HARD,11,39,96.531
GAS,HARD,12,40,96.981
GAS,HARD,13,41,96.869
GAS,HARD,14,42,97.257
GAS,HARD,15,43,97.185
GAS,HARD,16,44,97.232
GAS,HARD,17,45,97.358
GAS,HARD,18,46,97.227
GAS,HARD,19,47,97.499
GAS,HARD,20,48,97.667
GAS,HARD,21,49,97.762
GAS,HARD,22,50,97.898
GAS,HARD,23,51,97.907
GAS,HARD,24,52,98.227
GAS,HARD,25,53,98.389
GAS,HARD,26,54,98.496
GAS,HARD,27,55,98.613
GAS,HARD,28,56,98.204
GAS,HARD,29,57,99.946
HAD,SOFT,2,2,99.603
HAD,SOFT,3,3,99.767
HAD,SOFT,4,4,99.631
HAD,SOFT,5,5,99.669
HAD,MEDIUM,2,8,97.392
HAD,MEDIUM,3,9,98.542
HAD,MEDIUM,4,10,99.429
HAD,MEDIUM,5,11,98.623
HAD,MEDIUM,6,12,98.7
HAD,MEDIUM,7,13,98.849
HAD,MEDIUM,8,14,100.03
HAD,MEDIUM,9,15,98.893
HAD,MEDIUM,10,16,99.168
HAD,MEDIUM,11,17,98.749
HAD,MEDIUM,12,18,100.018
HAD,MEDIUM,13,19,98.894
HAD,MEDIUM,14,20,98.873
HAD,MEDIUM,15,21,100.764
HAD,MEDIUM,16,22,99.442
HAD,MEDIUM,17,23,100.365
HAD,MEDIUM,18,24,99.522
HAD,MEDIUM,19,25,99.795
HAD,MEDIUM,20,26,99.588
HAD,MEDIUM,21,27,99.465
HAD,HARD,2,30,96.952
HAD,HARD,3,31,97.158
HAD,HARD,8,36,100.318
HAD,HARD,9,37,98.467
HAD,HARD,10,38,97.831
HAD,HARD,11,39,98.329
HAD,HARD,12,40,98.342
HAD,HARD,13,41,98.686
HAD,HARD,14,42,98.561
HAD,HARD,15,43,99.073
HAD,HARD,16,44,97.724
HAD,HARD,17,45,98.019
HAD,HARD,18,46,97.793
HAD,HARD,19,47,97.762
HAD,HARD,20,48,98.021
HAD,HARD,21,49,97.985
HAD,HARD,22,50,98.142
HAD,HARD,23,51,98.266
HAD,HARD,24,52,98.205
HAD,HARD,25,53,98.495
HAD,HARD,26,54,99.003
HAD,HARD,27,55,98.297
HAD,HARD,28,56,98.784
HAD,HARD,29,57,98.496
HAM,MEDIUM,2,2,98.566
HAM,MEDIUM,3,3,98.419
HAM,MEDIUM,4,4,98.654
HAM,MEDIUM,5,5,99.465
HAM,MEDIUM,6,6,99.104
HAM,MEDIUM,7,7,99.279
HAM,MEDIUM,8,8,99.743
HAM,MEDIUM,9,9,100.945
HAM,MEDIUM,10,10,99.297
HAM,MEDIUM,11,11,99.146
HAM,MEDIUM,12,12,98.885
HAM,MEDIUM,13,13,98.903
HAM,MEDIUM,14,14,99.127
HAM,MEDIUM,15,15,99.276
HAM,MEDIUM,16,16,99.486
HAM,MEDIUM,2,19,96.798
HAM,MEDIUM,3,20,97.326
HAM,MEDIUM,4,21,98.43
HAM,MEDIUM,5,22,98.01
HAM,MEDIUM,6,23,97.924
HAM,MEDIUM,7,24,98.526
HAM,MEDIUM,8,25,97.663
HAM,MEDIUM,9,26,97.385
HAM,MEDIUM,10,27,97.695
HAM,MEDIUM,11,28,97.674
HAM,MEDIUM,12,29,97.288
HAM,MEDIUM,13,30,97.517
HAM,MEDIUM,14,31,97.598
HAM,HARD,4,36,97.514
HAM,HARD,5,37,96.235
HAM,HARD,6,38,97.198
HAM,HARD,7,39,96.32
HAM,HARD,8,40,96.659
HAM,HARD,9,41,96.848
HAM,HARD,10,42,97.115
HAM,HARD,11,43,96.756
HAM,HARD,12,44,97.001
HAM,HARD,13,45,97.034
HAM,HARD,14,46,97.025
HAM,HARD,15,47,96.882
HAM,HARD,16,48,97.017
HAM,HARD,17,49,97.633
HAM,HARD,18,50,97.576
HAM,HARD,19,51,98.112
HAM,HARD,20,52,97.747
HAM,HARD,21,53,98.162
HAM,HARD,22,54,98.028
HAM,HARD,23,55,98.026
HAM,HARD,24,56,98.062
HAM,HARD,25,57,98.438
HUL,SOFT,2,2,100.634
HUL,SOFT,3,3,100.019
HUL,SOFT,4,4,99.829
HUL,MEDIUM,2,7,97.95
HUL,MEDIUM,3,8,99.411
HUL,MEDIUM,4,9,99.247
HUL,MEDIUM,5,10,99.259
HUL,MEDIUM,6,11,99.256
HUL,MEDIUM,7,12,99.15
HUL,MEDIUM,8,13,99.037
HUL,MEDIUM,9,14,99.472
HUL,MEDIUM,10,15,99.389
HUL,MEDIUM,11,16,99.945
HUL,MEDIUM,12,17,99.883
HUL,MEDIUM,13,18,99.272
HUL,MEDIUM,14,19,99.402
HUL,MEDIUM,15,20,99.772
HUL,MEDIUM,16,21,99.525
HUL,MEDIUM,17,22,99.39
HUL,MEDIUM,18,23,99.462
HUL,MEDIUM,19,24,99.521
HUL,MEDIUM,20,25,99.6
HUL,MEDIUM,21,26,100.521
HUL,MEDIUM,2,29,97.753
HUL,MEDIUM,3,30,97.338
HUL,MEDIUM,4,31,97.758
HUL,MEDIUM,9,36,98.943
HUL,MEDIUM,10,37,98.15
HUL,MEDIUM,11,38,97.91
HUL,MEDIUM,12,39,98.276
HUL,MEDIUM,13,40,98.662
HUL,MEDIUM,14,41,99.119
HUL,MEDIUM,15,42,98.678
HUL,MEDIUM,16,43,97.459
HUL,MEDIUM,17,44,97.839
HUL,MEDIUM,18,45,97.924
HUL,MEDIUM,19,46,97.61
HUL,MEDIUM,20,47,97.925
HUL,MEDIUM,21,48,98.15
HUL,MEDIUM,22,49,98.014
HUL,MEDIUM,23,50,97.886
HUL,MEDIUM,24,51,97.992
HUL,MEDIUM,25,52,98.025
HUL,MEDIUM,26,53,98.26
HUL,MEDIUM,27,54,98.498
HUL,MEDIUM,28,55,98.424
HUL,MEDIUM,29,56,98.998
HUL,MEDIUM,30,57,98.823
LAW,MEDIUM,2,2,100.13
LAW,MEDIUM,3,3,99.689
LAW,MEDIUM,4,4,99.641
LAW,MEDIUM,5,5,99.958
LAW,MEDIUM,6,6,99.706
LAW,MEDIUM,7,7,99.609
LAW,MEDIUM,8,8,99.987
LAW,MEDIUM,9,9,100.068
LAW,MEDIUM,10,10,100.299
LAW,MEDIUM,11,11,100.264
LAW,MEDIUM,12,12,100.148
LAW,MEDIUM,13,13,99.968
LAW,HARD,2,16,97.86
LAW,HARD,3,17,98.194
LAW,HARD,4,18,99.836
LAW,HARD,5,19,98.942
LAW,HARD,6,20,98.845
LAW,HARD,7,21,99.003
LAW,HARD,8,22,99.063
LAW,HARD,9,23,99.189
LAW,HARD,10,24,99.035
LAW,HARD,11,25,99.146
LAW,HARD,12,26,99.321
LAW,HARD,13,27,99.316
LAW,HARD,14,28,100.768
LAW,HARD,15,29,99.397
LAW,HARD,16,30,99.942
LAW,HARD,17,31,99.113
LAW,SOFT,4,36,99.012
LAW,SOFT,5,37,98.358
LAW,SOFT,6,38,97.827
LAW,SOFT,7,39,98.41
LAW,SOFT,8,40,98.358
LAW,SOFT,9,41,97.69
LAW,SOFT,10,42,97.569
LAW,SOFT,11,43,97.48
LAW,SOFT,12,44,97.38
LAW,SOFT,13,45,97.536
LAW,SOFT,14,46,97.727
LAW,SOFT,15,47,97.934
LAW,SOFT,16,48,97.895
LAW,SOFT,17,49,97.797
LAW,SOFT,18,50,97.732
LAW,SOFT,19,51,97.977
LAW,SOFT,20,52,97.734
LAW,SOFT,21,53,98.149
LAW,SOFT,22,54,98.406
LAW,SOFT,23,55,98.143
LAW,SOFT,24,56,98.395
LAW,SOFT,25,57,99.672
LEC,MEDIUM,1,1,101.332
LEC,MEDIUM,2,2,98.048
LEC,MEDIUM,3,3,98.463
LEC,MEDIUM,4,4,98.273
LEC,MEDIUM,5,5,98.427
LEC,MEDIUM,6,6,98.784
LEC,MEDIUM,7,7,98.68
LEC,MEDIUM,8,8,99.133
LEC,MEDIUM,9,9,99.164
LEC,MEDIUM,10,10,98.881
LEC,MEDIUM,11,11,99.185
LEC,MEDIUM,12,12,98.973
LEC,MEDIUM,13,13,98.721
LEC,MEDIUM,14,14,98.87
LEC,MEDIUM,15,15,98.856
LEC,MEDIUM,16,16,99.061
LEC,MEDIUM,2,19,96.876
LEC,MEDIUM,3,20,97.206
LEC,MEDIUM,4,21,97.393
LEC,MEDIUM,5,22,97.363
LEC,MEDIUM,6,23,97.666
LEC,MEDIUM,7,24,98.013
LEC,MEDIUM,8,25,97.452
LEC,MEDIUM,9,26,97.476
LEC,MEDIUM,10,27,97.947
LEC,MEDIUM,11,28,98.105
LEC,MEDIUM,12,29,97.781
LEC,MEDIUM,13,30,97.619
LEC,MEDIUM,14,31,98.048
LEC,HARD,4,36,96.132
LEC,HARD,5,37,96.324
LEC,HARD,6,38,96.142
LEC,HARD,7,39,96.198
LEC,HARD,8,40,96.28
LEC,HARD,9,41,96.493
LEC,HARD,10,42,96.304
LEC,HARD,11,43,96.506
LEC,HARD,12,44,96.547
LEC,HARD,13,45,96.7
LEC,HARD,14,46,96.894
LEC,HARD,15,47,96.774
LEC,HARD,16,48,96.954
LEC,HARD,17,49,97.658
LEC,HARD,18,50,96.956
LEC,HARD,19,51,97.279
LEC,HARD,20,52,98.423
LEC,HARD,21,53,97.583
LEC,HARD,22,54,97.794
LEC,HARD,23,55,97.586
LEC,HARD,24,56,97.666
LEC,HARD,25,57,98.273
NOR,SOFT,4,1,100.424
NOR,SOFT,5,2,97.91
NOR,SOFT,6,3,98.417
NOR,SOFT,7,4,98.235
NOR,SOFT,8,5,98.604
NOR,SOFT,9,6,98.57
NOR,SOFT,10,7,98.468
NOR,SOFT,11,8,98.97
NOR,SOFT,12,9,99.104
NOR,MEDIUM,2,12,97.867
NOR,MEDIUM,3,13,97.453
NOR,MEDIUM,4,14,98.773
NOR,MEDIUM,5,15,97.747
NOR,MEDIUM,6,16,98.394
NOR,MEDIUM,7,17,97.567
NOR,MEDIUM,8,18,97.67
NOR,MEDIUM,9,19,97.655
NOR,MEDIUM,10,20,97.926
NOR,MEDIUM,11,21,97.983
NOR,MEDIUM,12,22,97.787
NOR,MEDIUM,13,23,98.134
NOR,MEDIUM,14,24,97.983
NOR,MEDIUM,15,25,99.29
NOR,MEDIUM,16,26,98.215
NOR,MEDIUM,17,27,97.97
NOR,MEDIUM,18,28,97.949
NOR,MEDIUM,19,29,98.13
NOR,MEDIUM,20,30,97.736
NOR,MEDIUM,21,31,97.927
NOR,MEDIUM,4,36,96.505
NOR,MEDIUM,5,37,97.967
NOR,MEDIUM,6,38,95.728
NOR,MEDIUM,7,39,96.259
NOR,MEDIUM,8,40,96.121
NOR,MEDIUM,9,41,96.259
NOR,MEDIUM,10,42,96.143
NOR,MEDIUM,11,43,96.042
NOR,MEDIUM,12,44,96.452
NOR,MEDIUM,13,45,96.594
NOR,MEDIUM,14,46,97.651
NOR,MEDIUM,15,47,96.315
NOR,MEDIUM,16,48,96.579
NOR,MEDIUM,17,49,97.861
NOR,MEDIUM,18,50,97.036
NOR,MEDIUM,19,51,97.083
NOR,MEDIUM,20,52,96.325
NOR,MEDIUM,21,53,96.737
NOR,MEDIUM,22,54,97.127
NOR,MEDIUM,23,55,97.34
NOR,MEDIUM,24,56,97.727
NOR,MEDIUM,25,57,98.129
OCO,SOFT,2,2,98.883
OCO,SOFT,3,3,98.726
OCO,SOFT,4,4,98.766
OCO,SOFT,5,5,99.24
OCO,SOFT,6,6,99.447
OCO,SOFT,7,7,99.408
OCO,MEDIUM,2,10,97.553
OCO,MEDIUM,3,11,98.172
OCO,MEDIUM,4,12,97.817
OCO,MEDIUM,5,13,98.425
OCO,MEDIUM,6,14,97.99
OCO,MEDIUM,7,15,98.239
OCO,MEDIUM,8,16,99.288
OCO,MEDIUM,9,17,98.275
OCO,MEDIUM,10,18,98.465
OCO,MEDIUM,11,19,98.4
OCO,MEDIUM,12,20,98.619
OCO,MEDIUM,13,21,98.787
OCO,MEDIUM,14,22,98.632
OCO,MEDIUM,15,23,98.918
OCO,MEDIUM,16,24,98.84
OCO,MEDIUM,17,25,99.405
OCO,MEDIUM,18,26,99.882
OCO,HARD,2,29,97.161
OCO,HARD,3,30,97.098
OCO,HARD,4,31,97.53
OCO,HARD,9,36,98.212
OCO,HARD,10,37,97.401
OCO,HARD,11,38,98.081
OCO,HARD,12,39,97.541
OCO,HARD,13,40,97.48
OCO,HARD,14,41,97.447
OCO,HARD,15,42,97.716
OCO,HARD,16,43,97.703
OCO,HARD,17,44,97.955
OCO,HARD,18,45,97.639
OCO,HARD,19,46,97.66
OCO,HARD,20,47,97.842
OCO,HARD,21,48,97.874
OCO,HARD,22,49,97.806
OCO,HARD,23,50,98.191
OCO,HARD,24,51,98.332
OCO,HARD,25,52,98.395
OCO,HARD,26,53,98.432
OCO,HARD,27,54,98.413
OCO,HARD,28,55,98.573
OCO,HARD,29,56,98.555
OCO,HARD,30,57,99.099
PIA,SOFT,4,1,98.693
PIA,SOFT,5,2,97.492
PIA,SOFT,6,3,98.083
PIA,SOFT,7,4,98.133
PIA,SOFT,8,5,98.043
PIA,SOFT,9,6,98.363
PIA,SOFT,10,7,98.498
PIA,SOFT,11,8,98.567
PIA,SOFT,12,9,98.8
PIA,SOFT,13,10,98.549
PIA,SOFT,14,11,98.681
PIA,SOFT,15,12,99.028
PIA,SOFT,16,13,98.763
PIA,MEDIUM,2,16,98.063
PIA,MEDIUM,3,17,97.733
PIA,MEDIUM,4,18,97.688
PIA,MEDIUM,5,19,97.891
PIA,MEDIUM,6,20,97.504
PIA,MEDIUM,7,21,97.712
PIA,MEDIUM,8,22,97.142
PIA,MEDIUM,9,23,97.933
PIA,MEDIUM,10,24,97.634
PIA,MEDIUM,11,25,97.811
PIA,MEDIUM,12,26,97.39
PIA,MEDIUM,13,27,97.579
PIA,MEDIUM,14,28,97.693
PIA,MEDIUM,15,29,97.677
PIA,MEDIUM,16,30,97.811
PIA,MEDIUM,17,31,97.556
PIA,MEDIUM,4,36,95.14
PIA,MEDIUM,5,37,95.375
PIA,MEDIUM,6,38,95.997
PIA,MEDIUM,7,39,96.174
PIA,MEDIUM,8,40,96.36
PIA,MEDIUM,9,41,96.326
PIA,MEDIUM,10,42,96.249
PIA,MEDIUM,11,43,96.118
PIA,MEDIUM,12,44,96.289
PIA,MEDIUM,13,45,96.035
PIA,MEDIUM,14,46,95.898
PIA,MEDIUM,15,47,96.09
PIA,MEDIUM,16,48,96.357
PIA,MEDIUM,17,49,96.815
PIA,MEDIUM,18,50,96.263
PIA,MEDIUM,19,51,96.105
PIA,MEDIUM,20,52,95.961
PIA,MEDIUM,21,53,96.333
PIA,MEDIUM,22,54,96.229
PIA,MEDIUM,23,55,96.259
PIA,MEDIUM,24,56,96.243
PIA,MEDIUM,25,57,96.588
RUS,SOFT,4,1,99.582
RUS,SOFT,5,2,97.817
RUS,SOFT,6,3,98.286
RUS,SOFT,7,4,98.378
RUS,SOFT,8,5,98.604
RUS,SOFT,9,6,98.467
RUS,SOFT,10,7,98.686
RUS,SOFT,11,8,99.007
RUS,SOFT,12,9,98.9
RUS,SOFT,13,10,98.889
RUS,SOFT,14,11,99.152
RUS,SOFT,15,12,99.098
RUS,MEDIUM,2,15,97.828
RUS,MEDIUM,3,16,98.067
RUS,MEDIUM,4,17,98.193
RUS,MEDIUM,5,18,98.383
RUS,MEDIUM,6,19,98.162
RUS,MEDIUM,7,20,98.148
RUS,MEDIUM,8,21,97.841
RUS,MEDIUM,9,22,97.806
RUS,MEDIUM,10,23,98.018
RUS,MEDIUM,11,24,97.784
RUS,MEDIUM,12,25,98.076
RUS,MEDIUM,13,26,98.045
RUS,MEDIUM,14,27,97.929
RUS,MEDIUM,15,28,97.996
RUS,MEDIUM,16,29,97.777
RUS,MEDIUM,17,30,97.653
RUS,MEDIUM,18,31,98.084
RUS,SOFT,7,36,95.518
RUS,SOFT,8,37,95.842
RUS,SOFT,9,38,96.207
RUS,SOFT,10,39,96.398
RUS,SOFT,11,40,96.471
RUS,SOFT,12,41,96.391
RUS,SOFT,13,42,96.28
RUS,SOFT,14,43,96.665
RUS,SOFT,15,44,96.885
RUS,SOFT,16,45,96.746
RUS,SOFT,17,46,96.456
RUS,SOFT,18,47,96.708
RUS,SOFT,19,48,96.746
RUS,SOFT,20,49,97.315
RUS,SOFT,21,50,96.973
RUS,SOFT,22,51,97.377
RUS,SOFT,23,52,97.281
RUS,SOFT,24,53,97.412
RUS,SOFT,25,54,97.369
RUS,SOFT,26,55,97.387
RUS,SOFT,27,56,97.844
RUS,SOFT,28,57,97.956
SAI,SOFT,4,1,102.77
SAI,SOFT,5,2,98.185
SAI,SOFT,6,3,98.389
SAI,SOFT,7,4,98.62
SAI,SOFT,8,5,101.021
SAI,SOFT,9,6,99.023
SAI,SOFT,10,7,99.33
SAI,SOFT,11,8,99.906
SAI,SOFT,12,9,102.895
SAI,SOFT,13,10,100.164
SAI,SOFT,14,11,100.015
SAI,SOFT,15,12,100.25
SAI,SOFT,16,13,100.277
SAI,MEDIUM,2,16,96.954
SAI,MEDIUM,3,17,97.867
SAI,MEDIUM,4,18,97.809
SAI,MEDIUM,5,19,98.259
SAI,MEDIUM,6,20,98.427
SAI,MEDIUM,7,21,98.718
SAI,MEDIUM,8,22,98.555
SAI,MEDIUM,9,23,98.631
SAI,MEDIUM,10,24,98.782
SAI,MEDIUM,11,25,99.068
SAI,MEDIUM,12,26,99.212
SAI,MEDIUM,13,27,99.302
SAI,MEDIUM,14,28,99.236
SAI,MEDIUM,15,29,98.798
SAI,MEDIUM,16,30,99.28
SAI,MEDIUM,17,31,100.485
SAI,HARD,4,36,100.833
SAI,HARD,5,37,97.832
SAI,HARD,6,38,98.624
SAI,HARD,7,39,98.292
SAI,HARD,8,40,98.454
SAI,HARD,9,41,98.415
SAI,HARD,10,42,99.736
SAI,HARD,11,43,99.607
STR,SOFT,2,2,100.25
STR,SOFT,3,3,99.708
STR,SOFT,4,4,99.844
STR,SOFT,5,5,99.974
STR,SOFT,6,6,99.805
STR,SOFT,7,7,99.855
STR,SOFT,8,8,100.399
STR,SOFT,9,9,100.148
STR,SOFT,10,10,100.519
STR,SOFT,11,11,100.47
STR,MEDIUM,2,14,99.024
STR,MEDIUM,3,15,99.375
STR,MEDIUM,4,16,99.093
STR,MEDIUM,5,17,99.699
STR,MEDIUM,6,18,99.259
STR,MEDIUM,7,19,99.515
STR,MEDIUM,8,20,98.667
STR,MEDIUM,9,21,99.226
STR,MEDIUM,10,22,99.091
STR,MEDIUM,11,23,99.143
STR,MEDIUM,12,24,98.927
STR,MEDIUM,13,25,99.458
STR,MEDIUM,14,26,99.265
STR,MEDIUM,15,27,99.457
STR,MEDIUM,16,28,100.283
STR,MEDIUM,17,29,99.736
STR,MEDIUM,18,30,100.035
STR,MEDIUM,19,31,99.387
STR,HARD,4,36,100.018
STR,HARD,5,37,98.606
STR,HARD,6,38,98.064
STR,HARD,7,39,98.329
STR,HARD,8,40,98.375
STR,HARD,9,41,98.655
STR,HARD,10,42,98.537
STR,HARD,11,43,98.896
STR,HARD,12,44,100.255
STR,HARD,13,45,98.28
STR,HARD,14,46,98.295
STR,HARD,15,47,98.352
STR,HARD,16,48,98.413
STR,HARD,17,49,98.648
STR,HARD,18,50,98.725
STR,HARD,19,51,98.627
STR,HARD,20,52,98.694
STR,HARD,21,53,98.796
STR,HARD,22,54,98.834
STR,HARD,23,55,99.064
STR,HARD,24,56,99.025
STR,HARD,25,57,98.98
TSU,SOFT,5,2,98.959
TSU,SOFT,6,3,98.565
TSU,SOFT,7,4,98.612
TSU,SOFT,8,5,99.37
TSU,SOFT,9,6,99.245
TSU,SOFT,10,7,99.366
TSU,SOFT,11,8,99.686
TSU,SOFT,12,9,100.727
TSU,SOFT,13,10,99.687
TSU,MEDIUM,2,13,98.009
TSU,MEDIUM,3,14,98.081
TSU,MEDIUM,4,15,98.323
TSU,MEDIUM,5,16,98.491
TSU,MEDIUM,6,17,98.658
TSU,MEDIUM,7,18,98.535
TSU,MEDIUM,8,19,98.914
TSU,MEDIUM,9,20,98.351
TSU,MEDIUM,10,21,98.68
TSU,MEDIUM,11,22,98.713
TSU,MEDIUM,12,23,98.888
TSU,MEDIUM,13,24,99.031
TSU,MEDIUM,14,25,99.067
TSU,MEDIUM,15,26,99.367
TSU,MEDIUM,16,27,99.528
TSU,MEDIUM,17,28,99.387
TSU,MEDIUM,18,29,98.71
TSU,MEDIUM,19,30,100.754
TSU,MEDIUM,20,31,100.477
TSU,SOFT,7,36,98.242
TSU,SOFT,8,37,97.64
TSU,SOFT,9,38,98.329
TSU,SOFT,10,39,97.814
TSU,SOFT,11,40,97.303
TSU,SOFT,12,41,97.495
TSU,SOFT,13,42,97.607
TSU,SOFT,14,43,97.727
TSU,SOFT,15,44,97.838
TSU,SOFT,16,45,97.225
TSU,SOFT,17,46,97.736
TSU,SOFT,18,47,97.646
TSU,SOFT,19,48,97.714
TSU,SOFT,20,49,97.831
TSU,SOFT,21,50,97.834
TSU,SOFT,22,51,98.273
TSU,SOFT,23,52,98.497
TSU,SOFT,24,53,98.399
TSU,SOFT,25,54,98.526
TSU,SOFT,26,55,98.539
TSU,SOFT,27,56,98.589
TSU,SOFT,28,57,98.861
VER,SOFT,5,2,98.403
VER,SOFT,6,3,98.475
VER,SOFT,7,4,98.549
VER,SOFT,8,5,98.76
VER,SOFT,9,6,98.593
VER,SOFT,10,7,98.929
VER,SOFT,11,8,99.385
VER,SOFT,12,9,99.67
VER,HARD,2,12,97.204
VER,HARD,3,13,98.327
VER,HARD,4,14,98.087
VER,HARD,5,15,98.287
VER,HARD,6,16,99.303
VER,HARD,7,17,98.408
VER,HARD,8,18,98.553
VER,HARD,9,19,98.515
VER,HARD,10,20,100.427
VER,HARD,11,21,98.948
VER,HARD,12,22,100.076
VER,HARD,13,23,98.433
VER,HARD,14,24,98.871
VER,HARD,15,25,99.492
VER,MEDIUM,2,28,97.09
VER,MEDIUM,3,29,96.167
VER,MEDIUM,4,30,96.694
VER,MEDIUM,5,31,98.04
VER,MEDIUM,10,36,98.622
VER,MEDIUM,11,37,97.345
VER,MEDIUM,12,38,96.171
VER,MEDIUM,13,39,96.67
VER,MEDIUM,14,40,97.059
VER,MEDIUM,15,41,96.922
VER,MEDIUM,16,42,97.163
VER,MEDIUM,17,43,97.095
VER,MEDIUM,18,44,97.038
VER,MEDIUM,19,45,97.385
VER,MEDIUM,20,46,97.351
VER,MEDIUM,21,47,97.369
VER,MEDIUM,22,48,97.484
VER,MEDIUM,23,49,97.62
VER,MEDIUM,24,50,97.684
VER,MEDIUM,25,51,98.075
VER,MEDIUM,26,52,98.065
VER,MEDIUM,27,53,98.435
VER,MEDIUM,28,54,98.398
VER,MEDIUM,29,55,98.687
VER,MEDIUM,30,56,98.016
VER,MEDIUM,31,57,97.662
